700001,Kolkata,BBD Bagh,KOLKATA,99.00,true,249.00,1,central Kolkata; traffic-sensitive,true,2026-08-29 16:29:32,2026-09-06 08:45:40,100.00,true
700002,Kolkata,Cossipore Gun Factory SO / Cossipore HO / Indian Research SO (+5 more),KOLKATA,179.00,true,299.00,6,Auto-generated from India Post master; approximate Belur distance 78.2 km (1.25x straight-line from representative pincode coordinates). Final checkout fee/serviceability should use exact-address route. Post offices: 8; delivery offices: 1.,true,2026-09-14 00:00:00,2026-09-14 00:00:00,100.00,false
700003,Kolkata,Amrita Bazar Patrika SO / Baghbazar SO / Girish Avenue SO,KOLKATA,69.00,true,249.00,0,Auto-generated from India Post master; approximate Belur distance 4.1 km (1.25x straight-line from representative pincode coordinates). Final checkout fee/serviceability should use exact-address route. Post offices: 3; delivery offices: 1.,true,2026-09-14 00:00:00,2026-09-14 00:00:00,100.00,true
700004,Kolkata,RGKar Medical College SO / Shyambazar Mail SO / Ultadanga SO,KOLKATA,99.00,true,249.00,0,Auto-generated from India Post master; approximate Belur distance 5.2 km (1.25x straight-line from representative pincode coordinates). Final checkout fee/serviceability should use exact-address route. Post offices: 3; delivery offices: 1.,true,2026-09-14 00:00:00,2026-09-14 00:00:00,100.00,true
700005,Kolkata,Ahiritola SO / Hatkhola SO,KOLKATA,99.00,true,249.00,0,Auto-generated from India Post master; approximate Belur distance 4.6 km (1.25x straight-line from representative pincode coordinates). Final checkout fee/serviceability should use exact-address route. Post offices: 2; delivery offices: 1.,true,2026-09-14 00:00:00,2026-09-14 00:00:00,100.00,true
700006,Kolkata,Beadon Street SO / Bidhan Sarani SO / Jorasanko SO (+4 more),KOLKATA,99.00,true,249.00,0,Auto-generated from India Post master; approximate Belur distance 5.9 km (1.25x straight-line from representative pincode coordinates). Final checkout fee/serviceability should use exact-address route. Post offices: 7; delivery offices: 1.,true,2026-09-14 00:00:00,2026-09-14 00:00:00,100.00,true
700007,Kolkata,Archana SO / Barabazar H O / College Square SO (+3 more),KOLKATA,69.00,true,249.00,0,Auto-generated from India Post master; approximate Belur distance 6.5 km (1.25x straight-line from representative pincode coordinates). Final checkout fee/serviceability should use exact-address route. Post offices: 6; delivery offices: 1.,true,2026-09-14 00:00:00,2026-09-14 00:00:00,100.00,true
700008,Kolkata,Barisha SO,KOLKATA,149.00,true,299.00,3,Auto-generated from India Post master; approximate Belur distance 21.1 km (1.25x straight-line from representative pincode coordinates). Final checkout fee/serviceability should use exact-address route. Post offices: 1; delivery offices: 1.,true,2026-09-14 00:00:00,2026-09-14 00:00:00,100.00,false
700009,Kolkata,Parsibagan SO / Raja Ram Mohan Sarani SO,KOLKATA,149.00,true,299.00,3,Auto-generated from India Post master; approximate Belur distance 24.7 km (1.25x straight-line from representative pincode coordinates). Final checkout fee/serviceability should use exact-address route. Post offices: 2; delivery offices: 1.,true,2026-09-14 00:00:00,2026-09-14 00:00:00,100.00,false
700010,Kolkata,Beleghata HO / Joramandir SO / Subhash Sarabor SO,KOLKATA,179.00,true,299.00,6,Auto-generated from India Post master; approximate Belur distance 31.1 km (1.25x straight-line from representative pincode coordinates). Final checkout fee/serviceability should use exact-address route. Post offices: 3; delivery offices: 1.,true,2026-09-14 00:00:00,2026-09-14 00:00:00,100.00,false
700011,Kolkata,Narkeldanga SO,KOLKATA,99.00,true,249.00,1,Auto-generated from India Post master; approximate Belur distance 8.1 km (1.25x straight-line from representative pincode coordinates). Final checkout fee/serviceability should use exact-address route. Post offices: 1; delivery offices: 1.,true,2026-09-14 00:00:00,2026-09-14 00:00:00,100.00,true
700012,Kolkata,Bowbazar SO Kolkata / Sankaritola SO / Yogayog Bhawan SO,KOLKATA,99.00,true,249.00,1,Auto-generated from India Post master; approximate Belur distance 8.3 km (1.25x straight-line from representative pincode coordinates). Final checkout fee/serviceability should use exact-address route. Post offices: 3; delivery offices: 1.,true,2026-09-14 00:00:00,2026-09-14 00:00:00,100.00,true
700013,Kolkata,Dharmatala SO,KOLKATA,99.00,true,249.00,1,Auto-generated from India Post master; approximate Belur distance 9.0 km (1.25x straight-line from representative pincode coordinates). Final checkout fee/serviceability should use exact-address route. Post offices: 1; delivery offices: 1.,true,2026-09-14 00:00:00,2026-09-14 00:00:00,100.00,true
700014,Kolkata,Asylum Lane SO / Bamboovila SO / Intally SO (+2 more),KOLKATA,179.00,true,299.00,6,Auto-generated from India Post master; approximate Belur distance 30.6 km (1.25x straight-line from representative pincode coordinates). Final checkout fee/serviceability should use exact-address route. Post offices: 5; delivery offices: 1.,true,2026-09-14 00:00:00,2026-09-14 00:00:00,100.00,false
700015,Kolkata,Sales Tax Building SO / Seal Lane SO / Tangra SO,KOLKATA,179.00,true,299.00,6,Auto-generated from India Post master; approximate Belur distance 31.0 km (1.25x straight-line from representative pincode coordinates). Final checkout fee/serviceability should use exact-address route. Post offices: 3; delivery offices: 1.,true,2026-09-14 00:00:00,2026-09-14 00:00:00,100.00,false
700016,Kolkata,Park Street,KOLKATA,99.00,true,249.00,1,central Kolkata; peak-hour rider cost may increase,true,2026-08-29 16:29:32,2026-09-06 08:45:40,100.00,true
700017,Kolkata,Circus Avenue SO / Jhowtala SO / Park Circus SO (+1 more),KOLKATA,179.00,true,299.00,4,Auto-generated from India Post master; approximate Belur distance 28.7 km (1.25x straight-line from representative pincode coordinates). Final checkout fee/serviceability should use exact-address route. Post offices: 4; delivery offices: 1.,true,2026-09-14 00:00:00,2026-09-14 00:00:00,100.00,false
700018,Kolkata,Bartala SO / Rabindra Nagar SO Kolkata,KOLKATA,149.00,true,299.00,3,Auto-generated from India Post master; approximate Belur distance 17.1 km (1.25x straight-line from representative pincode coordinates). Final checkout fee/serviceability should use exact-address route. Post offices: 2; delivery offices: 1.,true,2026-09-14 00:00:00,2026-09-14 00:00:00,100.00,false
700019,Kolkata,Ballygunge,KOLKATA,169.00,true,299.00,2,pincode shared across parts of Ballygunge,true,2026-08-31 19:54:45,2026-09-06 08:45:40,100.00,false
700020,Kolkata,Bhowanipore,KOLKATA,99.00,true,249.00,2,verify exact delivery address because nearby localities use multiple pincodes,true,2026-08-31 19:54:45,2026-09-06 08:45:40,100.00,true
700021,Kolkata,Fort William SO,KOLKATA,179.00,true,299.00,6,Auto-generated from India Post master; approximate Belur distance 33.4 km (1.25x straight-line from representative pincode coordinates). Final checkout fee/serviceability should use exact-address route. Post offices: 1; delivery offices: 1.,true,2026-09-14 00:00:00,2026-09-14 00:00:00,100.00,false
700022,Kolkata,Bakery Road SO / Hastings SO,KOLKATA,99.00,true,249.00,1,Auto-generated from India Post master; approximate Belur distance 12.0 km (1.25x straight-line from representative pincode coordinates). Final checkout fee/serviceability should use exact-address route. Post offices: 2; delivery offices: 1.,true,2026-09-14 00:00:00,2026-09-14 00:00:00,100.00,true
700023,Kolkata,Mansatala SO / Raja J.N.Market S.O / Watgunge SO,KOLKATA,99.00,true,249.00,1,Auto-generated from India Post master; approximate Belur distance 12.5 km (1.25x straight-line from representative pincode coordinates). Final checkout fee/serviceability should use exact-address route. Post offices: 3; delivery offices: 0.,true,2026-09-14 00:00:00,2026-09-14 00:00:00,100.00,true
700024,Kolkata,Garden Reach SO / KCMills SO / PGReach SO (+1 more),KOLKATA,179.00,true,299.00,3,Auto-generated from India Post master; approximate Belur distance 15.0 km (1.25x straight-line from representative pincode coordinates). Final checkout fee/serviceability should use exact-address route. Post offices: 4; delivery offices: 1.,true,2026-09-14 00:00:00,2026-09-14 00:00:00,100.00,false
700025,Kolkata,Bhawanipore SO / Lansdowne Market SO / Ramkrishna Park SO,KOLKATA,99.00,true,249.00,1,Auto-generated from India Post master; approximate Belur distance 12.6 km (1.25x straight-line from representative pincode coordinates). Final checkout fee/serviceability should use exact-address route. Post offices: 3; delivery offices: 1.,true,2026-09-14 00:00:00,2026-09-14 00:00:00,100.00,true
700026,Kolkata,Kalighat SO / Kalimandir SO / Keoratala SO (+3 more),KOLKATA,149.00,true,299.00,3,Auto-generated from India Post master; approximate Belur distance 15.3 km (1.25x straight-line from representative pincode coordinates). Final checkout fee/serviceability should use exact-address route. Post offices: 6; delivery offices: 1.,true,2026-09-14 00:00:00,2026-09-14 00:00:00,100.00,false
700027,Kolkata,Alipore Bodyguard Line SO / Alipore Civil Court SO / Alipore Dist Board S.O (+4 more),KOLKATA,189.00,true,249.00,1,Auto-generated from India Post master; approximate Belur distance 14.5 km (1.25x straight-line from representative pincode coordinates). Final checkout fee/serviceability should use exact-address route. Post offices: 7; delivery offices: 1.,true,2026-09-14 00:00:00,2026-09-14 00:00:00,100.00,true
700028,Kolkata,Dum Dum,KOLKATA,129.00,true,299.00,2,verify exact address; greater Dum Dum spans multiple pincodes,true,2026-08-31 19:54:45,2026-09-06 08:45:40,100.00,false
700029,Kolkata,Gariahat,KOLKATA,129.00,true,299.00,2,verify exact delivery address; Gariahat catchment spans nearby pincodes,true,2026-08-31 19:54:45,2026-09-06 08:45:40,100.00,false
700030,Kolkata,Ghugudanga SO,KOLKATA,69.00,true,249.00,0,Auto-generated from India Post master; approximate Belur distance 4.8 km (1.25x straight-line from representative pincode coordinates). Final checkout fee/serviceability should use exact-address route. Post offices: 1; delivery offices: 1.,true,2026-09-14 00:00:00,2026-09-14 00:00:00,100.00,true
700031,Kolkata,Dhakuria SO / KPRoy Lane SO,KOLKATA,149.00,true,299.00,3,Auto-generated from India Post master; approximate Belur distance 17.1 km (1.25x straight-line from representative pincode coordinates). Final checkout fee/serviceability should use exact-address route. Post offices: 2; delivery offices: 1.,true,2026-09-14 00:00:00,2026-09-14 00:00:00,100.00,false
700032,Kolkata,Jadavpur,KOLKATA,149.00,true,299.00,2,Jadavpur postal area,true,2026-08-31 19:54:45,2026-09-06 08:45:40,100.00,false
700033,Kolkata,Indrani Park SO / TCRoad SO / Tollygunge HO,KOLKATA,149.00,true,299.00,3,Auto-generated from India Post master; approximate Belur distance 17.4 km (1.25x straight-line from representative pincode coordinates). Final checkout fee/serviceability should use exact-address route. Post offices: 3; delivery offices: 1.,true,2026-09-14 00:00:00,2026-09-14 00:00:00,100.00,false
700034,Kolkata,Behala,KOLKATA,169.00,true,299.00,3,Behala area; exact locality may use adjoining pincodes,true,2026-08-31 19:54:45,2026-09-06 08:45:40,100.00,false
700037,Kolkata,Belgachia Road SO / Belgachia SO / Northern Avenue SO,KOLKATA,179.00,true,299.00,6,Auto-generated from India Post master; approximate Belur distance 2815.7 km (1.25x straight-line from representative pincode coordinates). Final checkout fee/serviceability should use exact-address route. Post offices: 3; delivery offices: 1.,true,2026-09-14 00:00:00,2026-09-14 00:00:00,100.00,false
700038,Kolkata,Sahapur SO,KOLKATA,149.00,true,299.00,3,Auto-generated from India Post master; approximate Belur distance 17.4 km (1.25x straight-line from representative pincode coordinates). Final checkout fee/serviceability should use exact-address route. Post offices: 1; delivery offices: 1.,true,2026-09-14 00:00:00,2026-09-14 00:00:00,100.00,false
700039,Kolkata,Bediadanga SO / Picnic Garden SO / Tiljala Bazar SO (+2 more),KOLKATA,179.00,true,299.00,4,Auto-generated from India Post master; approximate Belur distance 26.1 km (1.25x straight-line from representative pincode coordinates). Final checkout fee/serviceability should use exact-address route. Post offices: 5; delivery offices: 1.,true,2026-09-14 00:00:00,2026-09-14 00:00:00,100.00,false
700040,Kolkata,Netaji Nagar SO Kolkata / Regent Park SO / Russa SO,KOLKATA,149.00,true,299.00,3,Auto-generated from India Post master; approximate Belur distance 20.2 km (1.25x straight-line from representative pincode coordinates). Final checkout fee/serviceability should use exact-address route. Post offices: 3; delivery offices: 1.,true,2026-09-14 00:00:00,2026-09-14 00:00:00,100.00,false
700041,Kolkata,Paschim Putiari SO / Sirity SO,KOLKATA,149.00,true,299.00,3,Auto-generated from India Post master; approximate Belur distance 18.3 km (1.25x straight-line from representative pincode coordinates). Final checkout fee/serviceability should use exact-address route. Post offices: 2; delivery offices: 1.,true,2026-09-14 00:00:00,2026-09-14 00:00:00,100.00,false
700042,Kolkata,Bosepukur Road SO / Kasba SO Kolkata,KOLKATA,159.00,true,249.00,1,Auto-generated from India Post master; approximate Belur distance 11.7 km (1.25x straight-line from representative pincode coordinates). Final checkout fee/serviceability should use exact-address route. Post offices: 2; delivery offices: 1.,true,2026-09-14 00:00:00,2026-09-14 00:00:00,100.00,true
700043,Kolkata,Sonai SO Kolkata / South Eastern Railway SO,KOLKATA,149.00,true,299.00,3,Auto-generated from India Post master; approximate Belur distance 16.3 km (1.25x straight-line from representative pincode coordinates). Final checkout fee/serviceability should use exact-address route. Post offices: 2; delivery offices: 1.,true,2026-09-14 00:00:00,2026-09-14 00:00:00,100.00,false
700044,Kolkata,Badartala SO / Rajabagan Dock Yard SO,KOLKATA,149.00,true,299.00,3,Auto-generated from India Post master; approximate Belur distance 15.3 km (1.25x straight-line from representative pincode coordinates). Final checkout fee/serviceability should use exact-address route. Post offices: 2; delivery offices: 1.,true,2026-09-14 00:00:00,2026-09-14 00:00:00,100.00,false
700045,Kolkata,Lake Gardens SO,KOLKATA,149.00,true,299.00,3,Auto-generated from India Post master; approximate Belur distance 17.0 km (1.25x straight-line from representative pincode coordinates). Final checkout fee/serviceability should use exact-address route. Post offices: 1; delivery offices: 1.,true,2026-09-14 00:00:00,2026-09-14 00:00:00,100.00,false
700046,Kolkata,Abinash Chaowdhury Lane SO / Gobinda Khatick Road SO,KOLKATA,179.00,true,299.00,4,Auto-generated from India Post master; approximate Belur distance 27.6 km (1.25x straight-line from representative pincode coordinates). Final checkout fee/serviceability should use exact-address route. Post offices: 2; delivery offices: 1.,true,2026-09-14 00:00:00,2026-09-14 00:00:00,100.00,false
700047,Kolkata,Ganguly Bagan SO / Garia BT SO / Naktala SO (+1 more),KOLKATA,149.00,true,299.00,3,Auto-generated from India Post master; approximate Belur distance 22.0 km (1.25x straight-line from representative pincode coordinates). Final checkout fee/serviceability should use exact-address route. Post offices: 4; delivery offices: 1.,true,2026-09-14 00:00:00,2026-09-14 00:00:00,100.00,false
700048,Kolkata,Lake Town-Sreebhumi,KOLKATA,129.00,true,299.00,2,pincode covers Sreebhumi and adjoining localities,true,2026-08-31 19:54:45,2026-09-06 08:45:40,100.00,false
700050,Kolkata,Sinthee SO / South Sinhee SO,KOLKATA,69.00,true,249.00,0,Auto-generated from India Post master; approximate Belur distance 4.1 km (1.25x straight-line from representative pincode coordinates). Final checkout fee/serviceability should use exact-address route. Post offices: 2; delivery offices: 1.,true,2026-09-14 00:00:00,2026-09-14 00:00:00,100.00,true
700053,Kolkata,Kalabagan SO / Kolkata Mint SO / New Alipore SO (+1 more),KOLKATA,149.00,true,299.00,3,Auto-generated from India Post master; approximate Belur distance 16.9 km (1.25x straight-line from representative pincode coordinates). Final checkout fee/serviceability should use exact-address route. Post offices: 4; delivery offices: 1.,true,2026-09-14 00:00:00,2026-09-14 00:00:00,100.00,false
700054,Kolkata,Kankurgachi SO / Phulbagan SO / Ram Krishna Samadhi Road SO,KOLKATA,179.00,true,299.00,6,Auto-generated from India Post master; approximate Belur distance 30.0 km (1.25x straight-line from representative pincode coordinates). Final checkout fee/serviceability should use exact-address route. Post offices: 3; delivery offices: 1.,true,2026-09-14 00:00:00,2026-09-14 00:00:00,100.00,false
700060,Kolkata,Mahendra Banerjee Road SO / Parnasree Pally SO,KOLKATA,149.00,true,299.00,3,Auto-generated from India Post master; approximate Belur distance 18.3 km (1.25x straight-line from representative pincode coordinates). Final checkout fee/serviceability should use exact-address route. Post offices: 2; delivery offices: 1.,true,2026-09-14 00:00:00,2026-09-14 00:00:00,100.00,false
700061,Kolkata,Dakshin Behala SO / Jairampur SO Kolkata / Kasthadanga SO (+2 more),KOLKATA,149.00,true,299.00,3,Auto-generated from India Post master; approximate Belur distance 22.2 km (1.25x straight-line from representative pincode coordinates). Final checkout fee/serviceability should use exact-address route. Post offices: 5; delivery offices: 1.,true,2026-09-14 00:00:00,2026-09-14 00:00:00,100.00,false
700062,Kolkata,West Bengal Governors Camp SO,KOLKATA,179.00,true,299.00,6,Auto-generated from India Post master; approximate Belur distance 48.9 km (1.25x straight-line from representative pincode coordinates). Final checkout fee/serviceability should use exact-address route. Post offices: 1; delivery offices: 1.,true,2026-09-14 00:00:00,2026-09-14 00:00:00,100.00,false
700063,Kolkata,Thakurpukur,KOLKATA,179.00,true,299.00,4,southwestern Kolkata; traffic and rider availability can increase cost,true,2026-08-31 19:54:45,2026-09-06 08:45:40,100.00,false
700064,Kolkata,Salt Lake,KOLKATA,129.00,true,299.00,2,verify sector before import; Salt Lake uses multiple pincodes,true,2026-08-31 19:54:45,2026-09-06 08:45:40,100.00,true
700066,Kolkata,Bidhangarh SO,KOLKATA,69.00,true,249.00,0,Auto-generated from India Post master; approximate Belur distance 7.8 km (1.25x straight-line from representative pincode coordinates). Final checkout fee/serviceability should use exact-address route. Post offices: 1; delivery offices: 1.,true,2026-09-14 00:00:00,2026-09-14 00:00:00,100.00,true
700067,Kolkata,Lily Biscuit SO / Ultadanga Main Road SO,KOLKATA,69.00,true,249.00,0,Auto-generated from India Post master; approximate Belur distance 6.6 km (1.25x straight-line from representative pincode coordinates). Final checkout fee/serviceability should use exact-address route. Post offices: 2; delivery offices: 1.,true,2026-09-14 00:00:00,2026-09-14 00:00:00,100.00,true
700068,Kolkata,Jodhpur Park SO,KOLKATA,149.00,true,299.00,3,Auto-generated from India Post master; approximate Belur distance 17.1 km (1.25x straight-line from representative pincode coordinates). Final checkout fee/serviceability should use exact-address route. Post offices: 1; delivery offices: 1.,true,2026-09-14 00:00:00,2026-09-14 00:00:00,100.00,false
700069,Kolkata,Esplanade SO / Income Tax Building SO,KOLKATA,99.00,true,249.00,1,Auto-generated from India Post master; approximate Belur distance 8.8 km (1.25x straight-line from representative pincode coordinates). Final checkout fee/serviceability should use exact-address route. Post offices: 2; delivery offices: 1.,true,2026-09-14 00:00:00,2026-09-14 00:00:00,100.00,true
700070,Kolkata,Bansdroni SO,KOLKATA,179.00,true,299.00,3,Auto-generated from India Post master; approximate Belur distance 21.7 km (1.25x straight-line from representative pincode coordinates). Final checkout fee/serviceability should use exact-address route. Post offices: 1; delivery offices: 1.,true,2026-09-14 00:00:00,2026-09-14 00:00:00,100.00,false
700071,Kolkata,Little Russel Street SO / Middleton Row SO / Russel Street SO,KOLKATA,99.00,true,249.00,1,Auto-generated from India Post master; approximate Belur distance 10.0 km (1.25x straight-line from representative pincode coordinates). Final checkout fee/serviceability should use exact-address route. Post offices: 3; delivery offices: 1.,true,2026-09-14 00:00:00,2026-09-14 00:00:00,100.00,true
700072,Kolkata,Hindustan Building SO / Princep Street SO / Sooterkin Street SO,KOLKATA,99.00,true,249.00,1,Auto-generated from India Post master; approximate Belur distance 9.6 km (1.25x straight-line from representative pincode coordinates). Final checkout fee/serviceability should use exact-address route. Post offices: 3; delivery offices: 1.,true,2026-09-14 00:00:00,2026-09-14 00:00:00,100.00,true
700073,Kolkata,Chittaranjan Avenue SO Kolkata / Colootala  SO / Kolkata University SO (+2 more),KOLKATA,179.00,true,299.00,6,Auto-generated from India Post master; approximate Belur distance 36.2 km (1.25x straight-line from representative pincode coordinates). Final checkout fee/serviceability should use exact-address route. Post offices: 5; delivery offices: 1.,true,2026-09-14 00:00:00,2026-09-14 00:00:00,100.00,false
700075,Kolkata,Garfa SO / Santoshpur Avenue SO / Santoshpur SO (+1 more),KOLKATA,149.00,true,299.00,3,Auto-generated from India Post master; approximate Belur distance 23.2 km (1.25x straight-line from representative pincode coordinates). Final checkout fee/serviceability should use exact-address route. Post offices: 4; delivery offices: 1.,true,2026-09-14 00:00:00,2026-09-14 00:00:00,100.00,false
700078,Kolkata,Haltu SO / Jadavgarh SO / PURBACHAL MAIN ROAD SO,KOLKATA,149.00,true,299.00,3,Auto-generated from India Post master; approximate Belur distance 17.3 km (1.25x straight-line from representative pincode coordinates). Final checkout fee/serviceability should use exact-address route. Post offices: 3; delivery offices: 1.,true,2026-09-14 00:00:00,2026-09-14 00:00:00,100.00,false
700082,Kolkata,Haridevpur SO / KPBazar SO Kolkata,KOLKATA,99.00,true,249.00,1,Auto-generated from India Post master; approximate Belur distance 14.9 km (1.25x straight-line from representative pincode coordinates). Final checkout fee/serviceability should use exact-address route. Post offices: 2; delivery offices: 1.,true,2026-09-14 00:00:00,2026-09-14 00:00:00,100.00,true
700084,Kolkata,Garia,KOLKATA,169.00,true,299.00,3,verify pincode before import; Garia spans several postal codes,true,2026-08-31 19:54:45,2026-09-06 08:45:40,100.00,false
700085,Kolkata,KG Bose Sarani SO,KOLKATA,99.00,true,249.00,1,Auto-generated from India Post master; approximate Belur distance 9.3 km (1.25x straight-line from representative pincode coordinates). Final checkout fee/serviceability should use exact-address route. Post offices: 1; delivery offices: 1.,true,2026-09-14 00:00:00,2026-09-14 00:00:00,100.00,true
700086,Kolkata,Baghajatin SO,KOLKATA,149.00,true,299.00,3,Auto-generated from India Post master; approximate Belur distance 20.8 km (1.25x straight-line from representative pincode coordinates). Final checkout fee/serviceability should use exact-address route. Post offices: 1; delivery offices: 1.,true,2026-09-14 00:00:00,2026-09-14 00:00:00,100.00,false
700087,Kolkata,New Market SO,KOLKATA,99.00,true,249.00,1,Auto-generated from India Post master; approximate Belur distance 9.8 km (1.25x straight-line from representative pincode coordinates). Final checkout fee/serviceability should use exact-address route. Post offices: 1; delivery offices: 1.,true,2026-09-14 00:00:00,2026-09-14 00:00:00,100.00,true
700088,Kolkata,Brace Bridge SO / Taratala Road SO / Telecom Factory S.O,KOLKATA,149.00,true,299.00,3,Auto-generated from India Post master; approximate Belur distance 17.1 km (1.25x straight-line from representative pincode coordinates). Final checkout fee/serviceability should use exact-address route. Post offices: 3; delivery offices: 1.,true,2026-09-14 00:00:00,2026-09-14 00:00:00,100.00,false
700091,Kolkata,Salt Lake Sector V,KOLKATA,129.00,true,299.00,2,primarily Sector V and adjoining office district,true,2026-08-29 16:29:32,2026-09-06 08:45:40,100.00,true
700092,Kolkata,Regent Estate SO,KOLKATA,149.00,true,299.00,3,Auto-generated from India Post master; approximate Belur distance 20.1 km (1.25x straight-line from representative pincode coordinates). Final checkout fee/serviceability should use exact-address route. Post offices: 1; delivery offices: 1.,true,2026-09-14 00:00:00,2026-09-14 00:00:00,100.00,false
700094,Kolkata,Baishnab Ghata Patuli Township SO / Panchasayar SO / Sammilani Mahavidyalaya SO,KOLKATA,149.00,true,299.00,3,Auto-generated from India Post master; approximate Belur distance 20.4 km (1.25x straight-line from representative pincode coordinates). Final checkout fee/serviceability should use exact-address route. Post offices: 3; delivery offices: 1.,true,2026-09-14 00:00:00,2026-09-14 00:00:00,100.00,false
700095,Kolkata,Golf Green SO,KOLKATA,149.00,true,299.00,3,Auto-generated from India Post master; approximate Belur distance 18.4 km (1.25x straight-line from representative pincode coordinates). Final checkout fee/serviceability should use exact-address route. Post offices: 1; delivery offices: 1.,true,2026-09-14 00:00:00,2026-09-14 00:00:00,100.00,false
700099,Kolkata,Mukundapur,KOLKATA,149.00,true,299.00,3,verify exact delivery address; EM Bypass-side locality boundaries vary,true,2026-08-31 19:54:45,2026-09-06 08:45:40,100.00,false
700100,Kolkata,Vip Nagar SO,KOLKATA,149.00,true,299.00,3,Auto-generated from India Post master; approximate Belur distance 15.4 km (1.25x straight-line from representative pincode coordinates). Final checkout fee/serviceability should use exact-address route. Post offices: 1; delivery offices: 1.,true,2026-09-14 00:00:00,2026-09-14 00:00:00,100.00,false
700105,Kolkata,Chowbaga BO / Dhapa SO,KOLKATA,179.00,true,299.00,4,Auto-generated from India Post master; approximate Belur distance 27.5 km (1.25x straight-line from representative pincode coordinates). Final checkout fee/serviceability should use exact-address route. Post offices: 2; delivery offices: 1.,true,2026-09-14 00:00:00,2026-09-14 00:00:00,100.00,false
700107,Kolkata,EKT SO / Madurdaha SO,KOLKATA,149.00,true,299.00,3,Auto-generated from India Post master; approximate Belur distance 17.9 km (1.25x straight-line from representative pincode coordinates). Final checkout fee/serviceability should use exact-address route. Post offices: 2; delivery offices: 1.,true,2026-09-14 00:00:00,2026-09-14 00:00:00,100.00,false
700156,Kolkata,New Town,KOLKATA,189.00,true,299.00,3,New Town postal area; farther action areas may need additional lead time,true,2026-08-31 19:54:45,2026-09-06 08:45:40,100.00,false
711101,Howrah,Howrah Central,HOWRAH,69.00,true,249.00,0,711101 is shared by multiple central Howrah postal areas,true,2026-08-29 16:29:32,2026-09-06 08:45:39,100.00,true
711102,Howrah,Shibpur,HOWRAH,69.00,true,249.00,0,711102 includes Sibpur and Sibpur Bazar postal areas,true,2026-08-31 19:54:45,2026-09-06 08:45:39,100.00,true
711103,Howrah,Salkia,HOWRAH,40.00,true,249.00,0,NULL,true,2026-08-29 16:29:32,2026-08-29 16:29:32,100.00,true
711104,Howrah,Santragachi,HOWRAH,69.00,true,249.00,1,711104 is shared by Santragachi Ramrajatala and nearby postal areas,true,2026-08-31 19:54:45,2026-09-06 08:45:39,100.00,true
711105,Howrah,Belgachia Mansatala SO / Dasnagar SO,HOWRAH,99.00,true,249.00,0,Auto-generated from India Post master; approximate Belur distance 6.4 km (1.25x straight-line from representative pincode coordinates). Final checkout fee/serviceability should use exact-address route. Post offices: 2; delivery offices: 1.,true,2026-09-14 00:00:00,2026-09-14 00:00:00,100.00,true
711106,Howrah,Salkia,HOWRAH,49.00,true,249.00,0,pincode also serves multiple nearby Howrah localities,true,2026-08-31 19:54:45,2026-09-06 08:45:39,100.00,true
711107,Howrah,Ghusuri SO / Howrah VicCotMill SO,HOWRAH,40.00,true,249.00,0,Auto-generated from India Post master; approximate Belur distance 2.0 km (1.25x straight-line from representative pincode coordinates). Final checkout fee/serviceability should use exact-address route. Post offices: 2; delivery offices: 1.,true,2026-09-14 00:00:00,2026-09-14 00:00:00,100.00,true
711108,Howrah,Netajigarh SO,HOWRAH,179.00,true,299.00,6,Auto-generated from India Post master; approximate Belur distance 58.8 km (1.25x straight-line from representative pincode coordinates). Final checkout fee/serviceability should use exact-address route. Post offices: 1; delivery offices: 1.,true,2026-09-14 00:00:00,2026-09-14 00:00:00,100.00,false
711109,Howrah,Bakultala SO / Danesh SkLane SO / Goaberia SO (+1 more),HOWRAH,99.00,true,249.00,1,Auto-generated from India Post master; approximate Belur distance 10.6 km (1.25x straight-line from representative pincode coordinates). Final checkout fee/serviceability should use exact-address route. Post offices: 4; delivery offices: 2.,true,2026-09-14 00:00:00,2026-09-14 00:00:00,100.00,true
711110,Howrah,Baksara SO,HOWRAH,179.00,true,299.00,6,Auto-generated from India Post master; approximate Belur distance 1161.1 km (1.25x straight-line from representative pincode coordinates). Final checkout fee/serviceability should use exact-address route. Post offices: 1; delivery offices: 1.,true,2026-09-14 00:00:00,2026-09-14 00:00:00,100.00,false
711111,Howrah,Jagacha SO,HOWRAH,99.00,true,249.00,1,Auto-generated from India Post master; approximate Belur distance 12.0 km (1.25x straight-line from representative pincode coordinates). Final checkout fee/serviceability should use exact-address route. Post offices: 1; delivery offices: 1.,true,2026-09-14 00:00:00,2026-09-14 00:00:00,100.00,true
711112,Howrah,Gip Colony SO / Old Jagacha SO,HOWRAH,99.00,true,249.00,1,Auto-generated from India Post master; approximate Belur distance 10.1 km (1.25x straight-line from representative pincode coordinates). Final checkout fee/serviceability should use exact-address route. Post offices: 2; delivery offices: 1.,true,2026-09-14 00:00:00,2026-09-14 00:00:00,100.00,true
711113,Howrah,Balitikuri SO,HOWRAH,99.00,true,249.00,1,Auto-generated from India Post master; approximate Belur distance 8.2 km (1.25x straight-line from representative pincode coordinates). Final checkout fee/serviceability should use exact-address route. Post offices: 1; delivery offices: 1.,true,2026-09-14 00:00:00,2026-09-14 00:00:00,100.00,true
711114,Howrah,Chamrail BO / Kona SO / Lakshmanpur BO,HOWRAH,69.00,true,249.00,0,Auto-generated from India Post master; approximate Belur distance 7.9 km (1.25x straight-line from representative pincode coordinates). Final checkout fee/serviceability should use exact-address route. Post offices: 3; delivery offices: 3.,true,2026-09-14 00:00:00,2026-09-14 00:00:00,100.00,true
711115,Howrah,Jagadishpurhat SO,HOWRAH,99.00,true,249.00,1,Auto-generated from India Post master; approximate Belur distance 9.6 km (1.25x straight-line from representative pincode coordinates). Final checkout fee/serviceability should use exact-address route. Post offices: 1; delivery offices: 1.,true,2026-09-14 00:00:00,2026-09-14 00:00:00,100.00,true
711201,Howrah,Bally,HOWRAH,20.00,true,249.00,0,verify pincode before import; Bally locality may span adjoining pincodes,true,2026-08-31 19:54:45,2026-09-06 08:45:39,100.00,true
711202,Howrah,Belur,HOWRAH,0.00,true,249.00,0,Keyafe dispatch pincode 711202; free local delivery. Final exact-address route may be used for operational validation.,true,2026-08-29 16:29:32,2026-09-06 08:45:39,100.00,true
711203,Howrah,Bhattanagar,HOWRAH,49.00,true,249.00,0,near Belur-Liluah belt,true,2026-08-31 19:54:45,2026-09-06 08:45:39,100.00,true
711204,Howrah,Liluah,HOWRAH,40.00,true,249.00,0,711204 includes Liluah and Shibtala Liluah postal areas,true,2026-08-31 19:54:45,2026-09-06 08:45:39,100.00,true
711205,Howrah,Bally-Jagachha,HOWRAH,69.00,true,249.00,1,verify pincode before import; locality naming varies,true,2026-08-31 19:54:45,2026-09-06 08:45:39,100.00,true
711206,Howrah,Sapuipara,HOWRAH,40.00,true,249.00,1,near Bally-Jagachha belt,true,2026-08-31 19:54:45,2026-09-06 08:45:40,100.00,true
711225,Howrah,Pancharul SO,HOWRAH,69.00,true,249.00,0,Auto-generated from India Post master; approximate Belur distance 6.9 km (1.25x straight-line from representative pincode coordinates). Final checkout fee/serviceability should use exact-address route. Post offices: 1; delivery offices: 1.,true,2026-09-14 00:00:00,2026-09-14 00:00:00,100.00,true
711226,Howrah,Bairakurchi BO / Gaza BO / Harali BO (+5 more),HOWRAH,179.00,true,299.00,6,Auto-generated from India Post master; approximate Belur distance 242.3 km (1.25x straight-line from representative pincode coordinates). Final checkout fee/serviceability should use exact-address route. Post offices: 8; delivery offices: 8.,true,2026-09-14 00:00:00,2026-09-14 00:00:00,100.00,false
711227,Howrah,Anandanagar BO / Ghoshpara SO Howrah,HOWRAH,149.00,true,299.00,6,Auto-generated from India Post master; approximate Belur distance 202.5 km (1.25x straight-line from representative pincode coordinates). Final checkout fee/serviceability should use exact-address route. Post offices: 2; delivery offices: 2.,true,2026-09-14 00:00:00,2026-09-14 00:00:00,100.00,false
711301,Howrah,Anantapur SO Howrah / Dakhin Durgapur BO / Deoly BO (+4 more),HOWRAH,149.00,true,299.00,6,Auto-generated from India Post master; approximate Belur distance 173.1 km (1.25x straight-line from representative pincode coordinates). Final checkout fee/serviceability should use exact-address route. Post offices: 7; delivery offices: 7.,true,2026-09-14 00:00:00,2026-09-14 00:00:00,100.00,false
711302,Howrah,Andul,HOWRAH,129.00,true,249.00,2,pincode covers Andul and nearby localities,true,2026-08-31 19:54:45,2026-09-06 08:45:40,100.00,false
711303,Howrah,Agunshi BO / Bagnan SO / Bainan BO (+31 more),HOWRAH,179.00,true,299.00,6,Auto-generated from India Post master; approximate Belur distance 65.2 km (1.25x straight-line from representative pincode coordinates). Final checkout fee/serviceability should use exact-address route. Post offices: 34; delivery offices: 34.,true,2026-09-14 00:00:00,2026-09-14 00:00:00,100.00,false
711304,Howrah,Banipur SO Howrah,HOWRAH,69.00,true,249.00,0,Auto-generated from India Post master; approximate Belur distance 6.9 km (1.25x straight-line from representative pincode coordinates). Final checkout fee/serviceability should use exact-address route. Post offices: 1; delivery offices: 1.,true,2026-09-14 00:00:00,2026-09-14 00:00:00,100.00,true
711305,Howrah,Bauria SO,HOWRAH,179.00,true,299.00,4,Auto-generated from India Post master; approximate Belur distance 29.2 km (1.25x straight-line from representative pincode coordinates). Final checkout fee/serviceability should use exact-address route. Post offices: 1; delivery offices: 1.,true,2026-09-14 00:00:00,2026-09-14 00:00:00,100.00,false
711306,Howrah,Kulgachia SO,HOWRAH,69.00,true,249.00,0,Auto-generated from India Post master; approximate Belur distance 6.9 km (1.25x straight-line from representative pincode coordinates). Final checkout fee/serviceability should use exact-address route. Post offices: 1; delivery offices: 1.,true,2026-09-14 00:00:00,2026-09-14 00:00:00,100.00,true
711307,Howrah,Chackasi SO / Dasbhaga BO / Khalisani BO,HOWRAH,179.00,true,299.00,4,Auto-generated from India Post master; approximate Belur distance 25.4 km (1.25x straight-line from representative pincode coordinates). Final checkout fee/serviceability should use exact-address route. Post offices: 3; delivery offices: 3.,true,2026-09-14 00:00:00,2026-09-14 00:00:00,100.00,false
711308,Howrah,Chengail SO,HOWRAH,69.00,true,249.00,0,Auto-generated from India Post master; approximate Belur distance 6.9 km (1.25x straight-line from representative pincode coordinates). Final checkout fee/serviceability should use exact-address route. Post offices: 1; delivery offices: 1.,true,2026-09-14 00:00:00,2026-09-14 00:00:00,100.00,true
711309,Howrah,Delta Mil SO / Sarenga BO,HOWRAH,149.00,true,299.00,3,Auto-generated from India Post master; approximate Belur distance 21.7 km (1.25x straight-line from representative pincode coordinates). Final checkout fee/serviceability should use exact-address route. Post offices: 2; delivery offices: 2.,true,2026-09-14 00:00:00,2026-09-14 00:00:00,100.00,false
711310,Howrah,Burikhali BO / Fortgloster SO / Hirapur BO (+7 more),HOWRAH,179.00,true,299.00,6,Auto-generated from India Post master; approximate Belur distance 117.8 km (1.25x straight-line from representative pincode coordinates). Final checkout fee/serviceability should use exact-address route. Post offices: 10; delivery offices: 10.,true,2026-09-14 00:00:00,2026-09-14 00:00:00,100.00,false
711312,Howrah,Ajodhyahat BO / Amardah BO / Antila BO (+19 more),HOWRAH,179.00,true,299.00,6,Auto-generated from India Post master; approximate Belur distance 76.3 km (1.25x straight-line from representative pincode coordinates). Final checkout fee/serviceability should use exact-address route. Post offices: 22; delivery offices: 22.,true,2026-09-14 00:00:00,2026-09-14 00:00:00,100.00,false
711313,Howrah,Bharat Cooperative SO / Chaturbhujkati BO / Ramchandrapur Bo Sank BO (+2 more),HOWRAH,179.00,true,299.00,6,Auto-generated from India Post master; approximate Belur distance 203.6 km (1.25x straight-line from representative pincode coordinates). Final checkout fee/serviceability should use exact-address route. Post offices: 5; delivery offices: 4.,true,2026-09-14 00:00:00,2026-09-14 00:00:00,100.00,false
711314,Howrah,Dakshin Shibpur BO / Dingakhola BO / Gobindapur BO (+9 more),HOWRAH,129.00,true,299.00,6,Auto-generated from India Post master; approximate Belur distance 269.1 km (1.25x straight-line from representative pincode coordinates). Final checkout fee/serviceability should use exact-address route. Post offices: 12; delivery offices: 12.,true,2026-09-14 00:00:00,2026-09-14 00:00:00,100.00,false
711315,Howrah,Alipur BO / Baganda BO / Balichaturi BO (+14 more),HOWRAH,179.00,true,299.00,6,Auto-generated from India Post master; approximate Belur distance 68.0 km (1.25x straight-line from representative pincode coordinates). Final checkout fee/serviceability should use exact-address route. Post offices: 17; delivery offices: 17.,true,2026-09-14 00:00:00,2026-09-14 00:00:00,100.00,false
711316,Howrah,Bahira BO / Baniban BO / Banitala BO (+18 more),HOWRAH,179.00,true,299.00,6,Auto-generated from India Post master; approximate Belur distance 92.6 km (1.25x straight-line from representative pincode coordinates). Final checkout fee/serviceability should use exact-address route. Post offices: 21; delivery offices: 21.,true,2026-09-14 00:00:00,2026-09-14 00:00:00,100.00,false
711317,Howrah,Radhadasi SO,HOWRAH,69.00,true,249.00,0,Auto-generated from India Post master; approximate Belur distance 6.9 km (1.25x straight-line from representative pincode coordinates). Final checkout fee/serviceability should use exact-address route. Post offices: 1; delivery offices: 1.,true,2026-09-14 00:00:00,2026-09-14 00:00:00,100.00,true
711322,Howrah,Banharishpur BO / Beldubi BO / Belkulai BO (+11 more),HOWRAH,179.00,true,299.00,4,Auto-generated from India Post master; approximate Belur distance 28.4 km (1.25x straight-line from representative pincode coordinates). Final checkout fee/serviceability should use exact-address route. Post offices: 14; delivery offices: 13.,true,2026-09-14 00:00:00,2026-09-14 00:00:00,100.00,false
711331,Howrah,Paniara S.O,HOWRAH,179.00,true,299.00,6,Auto-generated from India Post master; approximate Belur distance 52.4 km (1.25x straight-line from representative pincode coordinates). Final checkout fee/serviceability should use exact-address route. Post offices: 1; delivery offices: 1.,true,2026-09-14 00:00:00,2026-09-14 00:00:00,100.00,false
711401,Howrah,Amaragori BO / Amta SO / Anulia BO (+27 more),HOWRAH,179.00,true,299.00,6,Auto-generated from India Post master; approximate Belur distance 249.4 km (1.25x straight-line from representative pincode coordinates). Final checkout fee/serviceability should use exact-address route. Post offices: 30; delivery offices: 30.,true,2026-09-14 00:00:00,2026-09-14 00:00:00,100.00,false
711403,Howrah,Bankra,HOWRAH,99.00,true,249.00,2,western Howrah; rider availability may vary,true,2026-08-31 19:54:45,2026-09-06 08:45:40,100.00,false
711404,Howrah,Bargachia SO / Dakshin Santoshpur BO / Hantal Anantabati BO (+2 more),HOWRAH,179.00,true,299.00,4,Auto-generated from India Post master; approximate Belur distance 27.5 km (1.25x straight-line from representative pincode coordinates). Final checkout fee/serviceability should use exact-address route. Post offices: 5; delivery offices: 5.,true,2026-09-14 00:00:00,2026-09-14 00:00:00,100.00,false
711405,Howrah,Baluhati BO / Dafarpur BO / Dakshin Jhapardaha BO (+6 more),HOWRAH,149.00,true,299.00,3,Auto-generated from India Post master; approximate Belur distance 17.9 km (1.25x straight-line from representative pincode coordinates). Final checkout fee/serviceability should use exact-address route. Post offices: 9; delivery offices: 9.,true,2026-09-14 00:00:00,2026-09-14 00:00:00,100.00,false
711408,Howrah,Jagatballavpur SO / Mato BO,HOWRAH,149.00,true,299.00,3,Auto-generated from India Post master; approximate Belur distance 19.8 km (1.25x straight-line from representative pincode coordinates). Final checkout fee/serviceability should use exact-address route. Post offices: 2; delivery offices: 2.,true,2026-09-14 00:00:00,2026-09-14 00:00:00,100.00,false
711409,Howrah,Salap,HOWRAH,120.00,true,249.00,2,pincode also associated with nearby Makardaha-side localities,true,2026-08-31 19:54:45,2026-09-06 08:45:40,100.00,false
711410,Howrah,Debandi BO / Dhurkhali BO / Garbalia BO (+12 more),HOWRAH,179.00,true,299.00,6,Auto-generated from India Post master; approximate Belur distance 62.0 km (1.25x straight-line from representative pincode coordinates). Final checkout fee/serviceability should use exact-address route. Post offices: 15; delivery offices: 15.,true,2026-09-14 00:00:00,2026-09-14 00:00:00,100.00,false
711411,Howrah,Begri SO / Bhandardaha BO / Biprannapara BO (+8 more),HOWRAH,149.00,true,299.00,3,Auto-generated from India Post master; approximate Belur distance 23.2 km (1.25x straight-line from representative pincode coordinates). Final checkout fee/serviceability should use exact-address route. Post offices: 11; delivery offices: 10.,true,2026-09-14 00:00:00,2026-09-14 00:00:00,100.00,false
711412,Howrah,Chitrasenpur SO / Kanupat Majhpara BO / Raichak BO (+2 more),HOWRAH,179.00,true,299.00,6,Auto-generated from India Post master; approximate Belur distance 202.1 km (1.25x straight-line from representative pincode coordinates). Final checkout fee/serviceability should use exact-address route. Post offices: 5; delivery offices: 5.,true,2026-09-14 00:00:00,2026-09-14 00:00:00,100.00,false
711413,Howrah,Gazipur SO / Khalna BO / Kushberia BO (+4 more),HOWRAH,179.00,true,299.00,6,Auto-generated from India Post master; approximate Belur distance 148.7 km (1.25x straight-line from representative pincode coordinates). Final checkout fee/serviceability should use exact-address route. Post offices: 7; delivery offices: 7.,true,2026-09-14 00:00:00,2026-09-14 00:00:00,100.00,false
711414,Howrah,Gobindapur Shibtala BO / Maju SO / Naskarpur BO (+2 more),HOWRAH,179.00,true,299.00,6,Auto-generated from India Post master; approximate Belur distance 35.5 km (1.25x straight-line from representative pincode coordinates). Final checkout fee/serviceability should use exact-address route. Post offices: 5; delivery offices: 5.,true,2026-09-14 00:00:00,2026-09-14 00:00:00,100.00,false
712101,Hooghly,Chinsurah,HOOGHLY,179.00,true,299.00,4,central Chinsurah; municipality also contains adjoining pincodes,true,2026-08-31 19:54:45,2026-09-06 08:45:40,100.00,false
712102,Hooghly,Chinsurah RS SO / Kamdebpur BO / Katsara BO (+1 more),HOOGHLY,179.00,true,299.00,4,Auto-generated from India Post master; approximate Belur distance 27.1 km (1.25x straight-line from representative pincode coordinates). Final checkout fee/serviceability should use exact-address route. Post offices: 4; delivery offices: 4.,true,2026-09-14 00:00:00,2026-09-14 00:00:00,100.00,false
712103,Hooghly,Chinsurah-West,HOOGHLY,179.00,true,299.00,4,verify pincode before import; use only after matching customer locality,true,2026-08-31 19:54:45,2026-09-06 08:45:40,100.00,false
712104,Hooghly,Keotalatbagan SO / Sahaganj SO,HOOGHLY,149.00,true,299.00,3,Auto-generated from India Post master; approximate Belur distance 19.1 km (1.25x straight-line from representative pincode coordinates). Final checkout fee/serviceability should use exact-address route. Post offices: 2; delivery offices: 1.,true,2026-09-14 00:00:00,2026-09-14 00:00:00,100.00,false
712105,Hooghly,Buroshibtala-Chinsurah,HOOGHLY,179.00,true,299.00,4,verify exact address before import,true,2026-08-31 19:54:45,2026-09-06 08:45:40,100.00,false
712121,Hooghly,Addconagar SO,HOOGHLY,99.00,true,249.00,1,Auto-generated from India Post master; approximate Belur distance 12.3 km (1.25x straight-line from representative pincode coordinates). Final checkout fee/serviceability should use exact-address route. Post offices: 1; delivery offices: 1.,true,2026-09-14 00:00:00,2026-09-14 00:00:00,100.00,true
712122,Hooghly,Badanganj SO / Fului BO / Jharia BO (+5 more),HOOGHLY,179.00,true,299.00,6,Auto-generated from India Post master; approximate Belur distance 45.0 km (1.25x straight-line from representative pincode coordinates). Final checkout fee/serviceability should use exact-address route. Post offices: 8; delivery offices: 8.,true,2026-09-14 00:00:00,2026-09-14 00:00:00,100.00,false
712123,Hooghly,Bandel,HOOGHLY,250.00,true,299.00,4,Bandel postal area; longer bike run from Belur,true,2026-08-31 19:54:45,2026-09-06 08:45:40,100.00,false
712124,Hooghly,Bhadreswar,HOOGHLY,250.00,true,299.00,3,Bhadreswar postal area; rider availability can vary,true,2026-08-31 19:54:45,2026-09-06 08:45:40,100.00,false
712125,Hooghly,Rajabazar SO Hooghly / Telinipara SO,HOOGHLY,149.00,true,299.00,3,Auto-generated from India Post master; approximate Belur distance 22.1 km (1.25x straight-line from representative pincode coordinates). Final checkout fee/serviceability should use exact-address route. Post offices: 2; delivery offices: 1.,true,2026-09-14 00:00:00,2026-09-14 00:00:00,100.00,false
712134,Hooghly,Barul BO / Berela BO / Bhonpur BO (+7 more),HOOGHLY,99.00,true,249.00,1,Auto-generated from India Post master; approximate Belur distance 8.9 km (1.25x straight-line from representative pincode coordinates). Final checkout fee/serviceability should use exact-address route. Post offices: 10; delivery offices: 10.,true,2026-09-14 00:00:00,2026-09-14 00:00:00,100.00,true
712135,Hooghly,Ballaldighi BO / Boinchigram SO / SIMLAGARH BO,HOOGHLY,149.00,true,299.00,3,Auto-generated from India Post master; approximate Belur distance 17.1 km (1.25x straight-line from representative pincode coordinates). Final checkout fee/serviceability should use exact-address route. Post offices: 3; delivery offices: 3.,true,2026-09-14 00:00:00,2026-09-14 00:00:00,100.00,false
712136,Hooghly,Chandannagar,HOOGHLY,250.00,true,299.00,3,Chandannagar and Chandannagar RS commonly use this pincode,true,2026-08-31 19:54:45,2026-09-06 08:45:40,100.00,false
712137,Hooghly,Gondalpara-Chandannagar,HOOGHLY,149.00,true,299.00,3,Chandannagar locality; separate from main 712136 postal area,true,2026-08-31 19:54:45,2026-09-06 08:45:40,100.00,false
712138,Hooghly,Jarura BO / Khalisani SO / Noapara BO (+1 more),HOOGHLY,179.00,true,299.00,6,Auto-generated from India Post master; approximate Belur distance 36.6 km (1.25x straight-line from representative pincode coordinates). Final checkout fee/serviceability should use exact-address route. Post offices: 4; delivery offices: 3.,true,2026-09-14 00:00:00,2026-09-14 00:00:00,100.00,false
712139,Hooghly,Mankundu GovtColony BO / Mankundu SO,HOOGHLY,179.00,true,299.00,6,Auto-generated from India Post master; approximate Belur distance 30.1 km (1.25x straight-line from representative pincode coordinates). Final checkout fee/serviceability should use exact-address route. Post offices: 2; delivery offices: 2.,true,2026-09-14 00:00:00,2026-09-14 00:00:00,100.00,false
712146,Hooghly,Brindabanpur BO / Gajinadaspur BO / Ilsobamondalai SO (+2 more),HOOGHLY,179.00,true,299.00,6,Auto-generated from India Post master; approximate Belur distance 43.0 km (1.25x straight-line from representative pincode coordinates). Final checkout fee/serviceability should use exact-address route. Post offices: 5; delivery offices: 5.,true,2026-09-14 00:00:00,2026-09-14 00:00:00,100.00,false
712147,Hooghly,Chatosarsa BO / Haridaspur BO / Hoera BO (+3 more),HOOGHLY,179.00,true,299.00,6,Auto-generated from India Post master; approximate Belur distance 46.6 km (1.25x straight-line from representative pincode coordinates). Final checkout fee/serviceability should use exact-address route. Post offices: 6; delivery offices: 6.,true,2026-09-14 00:00:00,2026-09-14 00:00:00,100.00,false
712148,Hooghly,Akna BO / Barunanpara BO / Digsui BO (+7 more),HOOGHLY,179.00,true,299.00,6,Auto-generated from India Post master; approximate Belur distance 45.9 km (1.25x straight-line from representative pincode coordinates). Final checkout fee/serviceability should use exact-address route. Post offices: 10; delivery offices: 10.,true,2026-09-14 00:00:00,2026-09-14 00:00:00,100.00,false
712149,Hooghly,Amra BO / Aymanawabpur BO / BELOON BO (+14 more),HOOGHLY,179.00,true,299.00,6,Auto-generated from India Post master; approximate Belur distance 46.0 km (1.25x straight-line from representative pincode coordinates). Final checkout fee/serviceability should use exact-address route. Post offices: 17; delivery offices: 17.,true,2026-09-14 00:00:00,2026-09-14 00:00:00,100.00,false
712152,Hooghly,Chandpur BO / Dabra BO / Jayer BO (+2 more),HOOGHLY,179.00,true,299.00,6,Auto-generated from India Post master; approximate Belur distance 61.6 km (1.25x straight-line from representative pincode coordinates). Final checkout fee/serviceability should use exact-address route. Post offices: 5; delivery offices: 5.,true,2026-09-14 00:00:00,2026-09-14 00:00:00,100.00,false
712201,Hooghly,Serampore,HOOGHLY,189.00,true,299.00,2,pincode serves Serampore; some nearby Mahesh addresses use 712202,true,2026-08-29 16:29:32,2026-09-06 08:45:40,100.00,false
712202,Hooghly,Mahesh-Serampore,HOOGHLY,189.00,true,299.00,2,adjacent Serampore-Mahesh delivery area,true,2026-08-31 19:54:45,2026-09-06 08:45:40,100.00,false
712203,Hooghly,Bahirserampore BO / Mallickpara SO / Simla BO,HOOGHLY,179.00,true,299.00,6,Auto-generated from India Post master; approximate Belur distance 36.6 km (1.25x straight-line from representative pincode coordinates). Final checkout fee/serviceability should use exact-address route. Post offices: 3; delivery offices: 2.,true,2026-09-14 00:00:00,2026-09-14 00:00:00,100.00,false
712204,Hooghly,Chatra SO Hooghly,HOOGHLY,179.00,true,299.00,6,Auto-generated from India Post master; approximate Belur distance 36.6 km (1.25x straight-line from representative pincode coordinates). Final checkout fee/serviceability should use exact-address route. Post offices: 1; delivery offices: 1.,true,2026-09-14 00:00:00,2026-09-14 00:00:00,100.00,false
712221,Hooghly,Angus SO,HOOGHLY,179.00,true,299.00,4,Auto-generated from India Post master; approximate Belur distance 25.4 km (1.25x straight-line from representative pincode coordinates). Final checkout fee/serviceability should use exact-address route. Post offices: 1; delivery offices: 1.,true,2026-09-14 00:00:00,2026-09-14 00:00:00,100.00,false
712222,Hooghly,Baidyabati SO / Champdani SO,HOOGHLY,179.00,true,299.00,6,Auto-generated from India Post master; approximate Belur distance 51.7 km (1.25x straight-line from representative pincode coordinates). Final checkout fee/serviceability should use exact-address route. Post offices: 2; delivery offices: 1.,true,2026-09-14 00:00:00,2026-09-14 00:00:00,100.00,false
712223,Hooghly,Sheoraphuli,HOOGHLY,129.00,true,299.00,2,verify exact delivery address; pincode may cover multiple nearby postal areas,true,2026-08-31 19:54:45,2026-09-06 08:45:40,100.00,false
712232,Hooghly,Bhadrakali,HOOGHLY,99.00,true,249.00,1,near Uttarpara; pincode serves Bhadrakali postal area,true,2026-08-31 19:54:45,2026-09-06 08:45:40,100.00,true
712233,Hooghly,Hindmotor SO,HOOGHLY,69.00,true,249.00,0,Auto-generated from India Post master; approximate Belur distance 7.9 km (1.25x straight-line from representative pincode coordinates). Final checkout fee/serviceability should use exact-address route. Post offices: 1; delivery offices: 1.,true,2026-09-14 00:00:00,2026-09-14 00:00:00,100.00,true
712234,Hooghly,Kanaipur SO,HOOGHLY,99.00,true,249.00,1,Auto-generated from India Post master; approximate Belur distance 10.9 km (1.25x straight-line from representative pincode coordinates). Final checkout fee/serviceability should use exact-address route. Post offices: 1; delivery offices: 1.,true,2026-09-14 00:00:00,2026-09-14 00:00:00,100.00,true
712235,Hooghly,Konnagar,HOOGHLY,139.00,true,249.00,1,Konnagar municipal area,true,2026-08-29 16:29:32,2026-09-06 08:45:40,100.00,true
712245,Hooghly,Makhla SO / Mrigala Daspara B.O / Raghunathpur BO (+1 more),HOOGHLY,99.00,true,249.00,1,Auto-generated from India Post master; approximate Belur distance 13.0 km (1.25x straight-line from representative pincode coordinates). Final checkout fee/serviceability should use exact-address route. Post offices: 4; delivery offices: 3.,true,2026-09-14 00:00:00,2026-09-14 00:00:00,100.00,true
712246,Hooghly,Barabahera BO / Nabagram SO Hooghly,HOOGHLY,179.00,true,299.00,6,Auto-generated from India Post master; approximate Belur distance 54.1 km (1.25x straight-line from representative pincode coordinates). Final checkout fee/serviceability should use exact-address route. Post offices: 2; delivery offices: 2.,true,2026-09-14 00:00:00,2026-09-14 00:00:00,100.00,false
712248,Hooghly,Rishra,HOOGHLY,99.00,true,249.00,2,Rishra municipal area,true,2026-08-29 16:29:32,2026-09-06 08:45:40,100.00,false
712249,Hooghly,Nutangram BO / Prabasnagar SO,HOOGHLY,149.00,true,299.00,3,Auto-generated from India Post master; approximate Belur distance 15.1 km (1.25x straight-line from representative pincode coordinates). Final checkout fee/serviceability should use exact-address route. Post offices: 2; delivery offices: 2.,true,2026-09-14 00:00:00,2026-09-14 00:00:00,100.00,false
712250,Hooghly,Morepukur-Rishra,HOOGHLY,99.00,true,249.00,2,verify exact delivery address before import,true,2026-08-31 19:54:45,2026-09-06 08:45:40,100.00,false
712258,Hooghly,Uttarpara,HOOGHLY,99.00,true,249.00,1,Uttarpara Kotrung municipal area,true,2026-08-31 19:54:45,2026-09-06 08:45:40,100.00,true
712301,Hooghly,Alipur Nayanagar BO / Bagnan Chaitanyabati BO / Bhandarhati SO (+4 more),HOOGHLY,179.00,true,299.00,6,Auto-generated from India Post master; approximate Belur distance 51.7 km (1.25x straight-line from representative pincode coordinates). Final checkout fee/serviceability should use exact-address route. Post offices: 7; delivery offices: 7.,true,2026-09-14 00:00:00,2026-09-14 00:00:00,100.00,false
712302,Hooghly,BELMURI BO / Boso BO / Dedhara BO (+7 more),HOOGHLY,179.00,true,299.00,4,Auto-generated from India Post master; approximate Belur distance 29.9 km (1.25x straight-line from representative pincode coordinates). Final checkout fee/serviceability should use exact-address route. Post offices: 10; delivery offices: 10.,true,2026-09-14 00:00:00,2026-09-14 00:00:00,100.00,false
712303,Hooghly,Balidaha BO / Bhastara BO / Cheragram BO (+5 more),HOOGHLY,179.00,true,299.00,6,Auto-generated from India Post master; approximate Belur distance 32.4 km (1.25x straight-line from representative pincode coordinates). Final checkout fee/serviceability should use exact-address route. Post offices: 8; delivery offices: 8.,true,2026-09-14 00:00:00,2026-09-14 00:00:00,100.00,false
712304,Hooghly,Baksha BO / Chikranda BO / Janai SO (+2 more),HOOGHLY,179.00,true,299.00,6,Auto-generated from India Post master; approximate Belur distance 36.6 km (1.25x straight-line from representative pincode coordinates). Final checkout fee/serviceability should use exact-address route. Post offices: 5; delivery offices: 5.,true,2026-09-14 00:00:00,2026-09-14 00:00:00,100.00,false
712305,Hooghly,Alipur BO / Ati BO / Babnan BO (+10 more),HOOGHLY,179.00,true,299.00,6,Auto-generated from India Post master; approximate Belur distance 44.6 km (1.25x straight-line from representative pincode coordinates). Final checkout fee/serviceability should use exact-address route. Post offices: 13; delivery offices: 13.,true,2026-09-14 00:00:00,2026-09-14 00:00:00,100.00,false
712306,Hooghly,Baratajpur BO / Baruipara BO / Begampur SO Hooghly (+4 more),HOOGHLY,179.00,true,299.00,6,Auto-generated from India Post master; approximate Belur distance 36.6 km (1.25x straight-line from representative pincode coordinates). Final checkout fee/serviceability should use exact-address route. Post offices: 7; delivery offices: 7.,true,2026-09-14 00:00:00,2026-09-14 00:00:00,100.00,false
712308,Hooghly,Chopa BO / Gurbari BO / Khanpur SO Hooghly (+1 more),HOOGHLY,179.00,true,299.00,6,Auto-generated from India Post master; approximate Belur distance 38.3 km (1.25x straight-line from representative pincode coordinates). Final checkout fee/serviceability should use exact-address route. Post offices: 4; delivery offices: 4.,true,2026-09-14 00:00:00,2026-09-14 00:00:00,100.00,false
712310,Hooghly,Chakundi BO / Dankuni Coal Complex SO,HOOGHLY,99.00,true,249.00,1,Auto-generated from India Post master; approximate Belur distance 10.4 km (1.25x straight-line from representative pincode coordinates). Final checkout fee/serviceability should use exact-address route. Post offices: 2; delivery offices: 1.,true,2026-09-14 00:00:00,2026-09-14 00:00:00,100.00,true
712311,Hooghly,Dankuni,HOOGHLY,99.00,true,249.00,2,Dankuni municipal area; practical via road but rider pricing can fluctuate,true,2026-08-31 19:54:45,2026-09-06 08:45:40,100.00,false
712401,Hooghly,Aimapaharpur BO / Ankriserampore BO / Astara BO (+11 more),HOOGHLY,179.00,true,299.00,6,"Auto-generated from India Post master; approximate Belur distance 54.0 km (1.25x straight-line from representative pincode coordinates). Final checkout fee/serviceability should use exact-address route. Post offices: 14; delivery offices: 14. Master associates this pincode with multiple districts: HOOGHLY, HOWRAH.",true,2026-09-14 00:00:00,2026-09-14 00:00:00,100.00,false
712402,Hooghly,Chenchua BO / Dasghara SO / GOPINAGAR BO (+3 more),HOOGHLY,179.00,true,299.00,6,Auto-generated from India Post master; approximate Belur distance 48.7 km (1.25x straight-line from representative pincode coordinates). Final checkout fee/serviceability should use exact-address route. Post offices: 6; delivery offices: 6.,true,2026-09-14 00:00:00,2026-09-14 00:00:00,100.00,false
712403,Hooghly,Basuri BO / Dalapatipur BO / Dwarhatta BO (+5 more),HOOGHLY,149.00,true,299.00,3,Auto-generated from India Post master; approximate Belur distance 15.4 km (1.25x straight-line from representative pincode coordinates). Final checkout fee/serviceability should use exact-address route. Post offices: 8; delivery offices: 8.,true,2026-09-14 00:00:00,2026-09-14 00:00:00,100.00,false
712404,Hooghly,Baganda BO / Dilakash BO / Dingalhati BO (+7 more),HOOGHLY,179.00,true,299.00,6,Auto-generated from India Post master; approximate Belur distance 40.6 km (1.25x straight-line from representative pincode coordinates). Final checkout fee/serviceability should use exact-address route. Post offices: 10; delivery offices: 10.,true,2026-09-14 00:00:00,2026-09-14 00:00:00,100.00,false
712405,Hooghly,Bahirkhand BO / Bajitpur BO / Brahmanpara BO (+7 more),HOOGHLY,179.00,true,299.00,6,Auto-generated from India Post master; approximate Belur distance 834.1 km (1.25x straight-line from representative pincode coordinates). Final checkout fee/serviceability should use exact-address route. Post offices: 10; delivery offices: 10.,true,2026-09-14 00:00:00,2026-09-14 00:00:00,100.00,false
712406,Hooghly,Hirapur BO / Kedarpur BO / Khanakul SO (+7 more),HOOGHLY,179.00,true,299.00,6,Auto-generated from India Post master; approximate Belur distance 45.7 km (1.25x straight-line from representative pincode coordinates). Final checkout fee/serviceability should use exact-address route. Post offices: 10; delivery offices: 10.,true,2026-09-14 00:00:00,2026-09-14 00:00:00,100.00,false
712407,Hooghly,Bajemalia BO / Bandipur BO / Beraberi BO (+6 more),HOOGHLY,179.00,true,299.00,6,Auto-generated from India Post master; approximate Belur distance 34.2 km (1.25x straight-line from representative pincode coordinates). Final checkout fee/serviceability should use exact-address route. Post offices: 9; delivery offices: 9.,true,2026-09-14 00:00:00,2026-09-14 00:00:00,100.00,false
712408,Hooghly,Antpur BO / Dihibhursut BO / Guti BO (+4 more),HOOGHLY,179.00,true,299.00,6,"Auto-generated from India Post master; approximate Belur distance 42.5 km (1.25x straight-line from representative pincode coordinates). Final checkout fee/serviceability should use exact-address route. Post offices: 7; delivery offices: 7. Master associates this pincode with multiple districts: HOOGHLY, HOWRAH.",true,2026-09-14 00:00:00,2026-09-14 00:00:00,100.00,false
712409,Hooghly,Anandanagar BO / Balarambati BO / Basubati BO (+12 more),HOOGHLY,179.00,true,299.00,4,Auto-generated from India Post master; approximate Belur distance 30.0 km (1.25x straight-line from representative pincode coordinates). Final checkout fee/serviceability should use exact-address route. Post offices: 15; delivery offices: 15.,true,2026-09-14 00:00:00,2026-09-14 00:00:00,100.00,false
712410,Hooghly,Baligori BO / Bhangamora BO / Bhata BO (+19 more),HOOGHLY,179.00,true,299.00,6,Auto-generated from India Post master; approximate Belur distance 53.7 km (1.25x straight-line from representative pincode coordinates). Final checkout fee/serviceability should use exact-address route. Post offices: 22; delivery offices: 20.,true,2026-09-14 00:00:00,2026-09-14 00:00:00,100.00,false
712412,Hooghly,Baradigrui BO / Chandraban BO / Helan SO (+4 more),HOOGHLY,179.00,true,299.00,6,Auto-generated from India Post master; approximate Belur distance 61.4 km (1.25x straight-line from representative pincode coordinates). Final checkout fee/serviceability should use exact-address route. Post offices: 7; delivery offices: 7.,true,2026-09-14 00:00:00,2026-09-14 00:00:00,100.00,false
712413,Hooghly,Arandi BO / Bachhanari BO / Bairakanpur BO (+10 more),HOOGHLY,179.00,true,299.00,6,Auto-generated from India Post master; approximate Belur distance 120.5 km (1.25x straight-line from representative pincode coordinates). Final checkout fee/serviceability should use exact-address route. Post offices: 13; delivery offices: 13.,true,2026-09-14 00:00:00,2026-09-14 00:00:00,100.00,false
712414,Hooghly,Alati BO / Baikunthapur BO / Deulpara SO (+4 more),HOOGHLY,179.00,true,299.00,6,Auto-generated from India Post master; approximate Belur distance 39.9 km (1.25x straight-line from representative pincode coordinates). Final checkout fee/serviceability should use exact-address route. Post offices: 7; delivery offices: 7.,true,2026-09-14 00:00:00,2026-09-14 00:00:00,100.00,false
712415,Hooghly,Bhuerah BO / Harinkhola BO / Hati BO (+5 more),HOOGHLY,179.00,true,299.00,6,Auto-generated from India Post master; approximate Belur distance 58.1 km (1.25x straight-line from representative pincode coordinates). Final checkout fee/serviceability should use exact-address route. Post offices: 8; delivery offices: 8.,true,2026-09-14 00:00:00,2026-09-14 00:00:00,100.00,false
712416,Hooghly,Balaichak BO / Balpai BO / Chakhayatpur BO (+7 more),HOOGHLY,179.00,true,299.00,6,Auto-generated from India Post master; approximate Belur distance 51.8 km (1.25x straight-line from representative pincode coordinates). Final checkout fee/serviceability should use exact-address route. Post offices: 10; delivery offices: 10.,true,2026-09-14 00:00:00,2026-09-14 00:00:00,100.00,false
712417,Hooghly,Bonhijli BO / Jagatpur BO / Mar0khana BO (+3 more),HOOGHLY,179.00,true,299.00,6,Auto-generated from India Post master; approximate Belur distance 62.5 km (1.25x straight-line from representative pincode coordinates). Final checkout fee/serviceability should use exact-address route. Post offices: 6; delivery offices: 6.,true,2026-09-14 00:00:00,2026-09-14 00:00:00,100.00,false
712501,Hooghly,Balagarh SO / Basna BO / Jirat BO (+3 more),HOOGHLY,179.00,true,299.00,6,Auto-generated from India Post master; approximate Belur distance 52.8 km (1.25x straight-line from representative pincode coordinates). Final checkout fee/serviceability should use exact-address route. Post offices: 6; delivery offices: 6.,true,2026-09-14 00:00:00,2026-09-14 00:00:00,100.00,false
712502,Hooghly,Bansberia,HOOGHLY,179.00,true,299.00,6,long-distance delivery; schedule in advance and confirm rider availability,true,2026-08-31 19:54:45,2026-09-06 08:45:40,100.00,false
712503,Hooghly,Tribeni,HOOGHLY,179.00,true,299.00,6,operationally difficult for fresh bakery items; advance-order delivery recommended,true,2026-08-31 19:54:45,2026-09-06 08:45:40,100.00,false
712504,Hooghly,Chandrahati SO,HOOGHLY,179.00,true,299.00,6,Auto-generated from India Post master; approximate Belur distance 36.6 km (1.25x straight-line from representative pincode coordinates). Final checkout fee/serviceability should use exact-address route. Post offices: 1; delivery offices: 1.,true,2026-09-14 00:00:00,2026-09-14 00:00:00,100.00,false
712512,Hooghly,Aidakismat BO / Bakuliagram BO / Dhobapara BO (+3 more),HOOGHLY,69.00,true,249.00,0,Auto-generated from India Post master; approximate Belur distance 7.6 km (1.25x straight-line from representative pincode coordinates). Final checkout fee/serviceability should use exact-address route. Post offices: 6; delivery offices: 6.,true,2026-09-14 00:00:00,2026-09-14 00:00:00,100.00,true
712513,Hooghly,Gopalpur BO / Nayasarai SO,HOOGHLY,179.00,true,299.00,6,Auto-generated from India Post master; approximate Belur distance 40.8 km (1.25x straight-line from representative pincode coordinates). Final checkout fee/serviceability should use exact-address route. Post offices: 2; delivery offices: 2.,true,2026-09-14 00:00:00,2026-09-14 00:00:00,100.00,false
712514,Hooghly,Sripur Bazar SO Hooghly,HOOGHLY,179.00,true,299.00,6,Auto-generated from India Post master; approximate Belur distance 36.6 km (1.25x straight-line from representative pincode coordinates). Final checkout fee/serviceability should use exact-address route. Post offices: 1; delivery offices: 1.,true,2026-09-14 00:00:00,2026-09-14 00:00:00,100.00,false
712515,Hooghly,Baneswarpur BO / Dumurdaha BO / Khamargachi SO,HOOGHLY,179.00,true,299.00,6,Auto-generated from India Post master; approximate Belur distance 41.2 km (1.25x straight-line from representative pincode coordinates). Final checkout fee/serviceability should use exact-address route. Post offices: 3; delivery offices: 3.,true,2026-09-14 00:00:00,2026-09-14 00:00:00,100.00,false
712601,Hooghly,Arambagh Court SO / Arambagh HO / Krishnapur SO Hooghly (+2 more),HOOGHLY,179.00,true,299.00,6,Auto-generated from India Post master; approximate Belur distance 64.4 km (1.25x straight-line from representative pincode coordinates). Final checkout fee/serviceability should use exact-address route. Post offices: 5; delivery offices: 1.,true,2026-09-14 00:00:00,2026-09-14 00:00:00,100.00,false
712602,Hooghly,Bajua BO / Bhadur BO / Chandur SO Hooghly (+6 more),HOOGHLY,179.00,true,299.00,4,Auto-generated from India Post master; approximate Belur distance 26.5 km (1.25x straight-line from representative pincode coordinates). Final checkout fee/serviceability should use exact-address route. Post offices: 9; delivery offices: 9.,true,2026-09-14 00:00:00,2026-09-14 00:00:00,100.00,false
712611,Hooghly,Asudkhola BO / Bengai SO / Bhurkunda BO (+3 more),HOOGHLY,179.00,true,299.00,6,Auto-generated from India Post master; approximate Belur distance 44.1 km (1.25x straight-line from representative pincode coordinates). Final checkout fee/serviceability should use exact-address route. Post offices: 6; delivery offices: 6.,true,2026-09-14 00:00:00,2026-09-14 00:00:00,100.00,false
712612,Hooghly,Kamarpukur SO / Mandaran BO / Paschimpara BO (+3 more),HOOGHLY,179.00,true,299.00,6,Auto-generated from India Post master; approximate Belur distance 98.4 km (1.25x straight-line from representative pincode coordinates). Final checkout fee/serviceability should use exact-address route. Post offices: 6; delivery offices: 6.,true,2026-09-14 00:00:00,2026-09-14 00:00:00,100.00,false
712613,Hooghly,Beniajole BO / Dihi Bagnan BO / Duadanda BO (+5 more),HOOGHLY,179.00,true,299.00,6,Auto-generated from India Post master; approximate Belur distance 42.3 km (1.25x straight-line from representative pincode coordinates). Final checkout fee/serviceability should use exact-address route. Post offices: 8; delivery offices: 8.,true,2026-09-14 00:00:00,2026-09-14 00:00:00,100.00,false
712614,Hooghly,Debkhanda BO / Goghat SO / Kantali BO (+7 more),HOOGHLY,179.00,true,299.00,6,Auto-generated from India Post master; approximate Belur distance 32.9 km (1.25x straight-line from representative pincode coordinates). Final checkout fee/serviceability should use exact-address route. Post offices: 10; delivery offices: 10.,true,2026-09-14 00:00:00,2026-09-14 00:00:00,100.00,false
712615,Hooghly,Batanal SO / Bhalia BO / Golta BO (+2 more),HOOGHLY,179.00,true,299.00,6,Auto-generated from India Post master; approximate Belur distance 43.2 km (1.25x straight-line from representative pincode coordinates). Final checkout fee/serviceability should use exact-address route. Post offices: 5; delivery offices: 5.,true,2026-09-14 00:00:00,2026-09-14 00:00:00,100.00,false
712616,Hooghly,Aslahari BO / Balidewanganj SO / Dahia Kanda BO (+8 more),HOOGHLY,179.00,true,299.00,6,Auto-generated from India Post master; approximate Belur distance 38.7 km (1.25x straight-line from representative pincode coordinates). Final checkout fee/serviceability should use exact-address route. Post offices: 11; delivery offices: 11.,true,2026-09-14 00:00:00,2026-09-14 00:00:00,100.00,false
712617,Hooghly,Baradangal SO / Chuadanga BO / Daharkunda BO (+5 more),HOOGHLY,179.00,true,299.00,6,Auto-generated from India Post master; approximate Belur distance 40.5 km (1.25x straight-line from representative pincode coordinates). Final checkout fee/serviceability should use exact-address route. Post offices: 8; delivery offices: 8.,true,2026-09-14 00:00:00,2026-09-14 00:00:00,100.00,false
712701,Hooghly,Akuni BO / Bandhpur BO / Bhagabatipur BO (+4 more),HOOGHLY,149.00,true,299.00,3,Auto-generated from India Post master; approximate Belur distance 24.6 km (1.25x straight-line from representative pincode coordinates). Final checkout fee/serviceability should use exact-address route. Post offices: 7; delivery offices: 7.,true,2026-09-14 00:00:00,2026-09-14 00:00:00,100.00,false
712702,Hooghly,Chanditala SO / Kalachara BO / Kristorampur BO (+2 more),HOOGHLY,179.00,true,299.00,4,Auto-generated from India Post master; approximate Belur distance 28.0 km (1.25x straight-line from representative pincode coordinates). Final checkout fee/serviceability should use exact-address route. Post offices: 5; delivery offices: 5.,true,2026-09-14 00:00:00,2026-09-14 00:00:00,100.00,false
712706,Hooghly,Aniya BO / Charpur BO / Dakshindihi BO (+4 more),HOOGHLY,179.00,true,299.00,4,Auto-generated from India Post master; approximate Belur distance 25.9 km (1.25x straight-line from representative pincode coordinates). Final checkout fee/serviceability should use exact-address route. Post offices: 7; delivery offices: 7.,true,2026-09-14 00:00:00,2026-09-14 00:00:00,100.00,false
713427,Hooghly,Kumarganj BO,HOOGHLY,179.00,true,299.00,6,Auto-generated from India Post master; approximate Belur distance 92.4 km (1.25x straight-line from representative pincode coordinates). Final checkout fee/serviceability should use exact-address route. Post offices: 1; delivery offices: 1.,true,2026-09-14 00:00:00,2026-09-14 00:00:00,100.00,false
721212,Hooghly,Bandar BO / Ghoradaha BO,HOOGHLY,179.00,true,299.00,6,Auto-generated from India Post master; approximate Belur distance 77.9 km (1.25x straight-line from representative pincode coordinates). Final checkout fee/serviceability should use exact-address route. Post offices: 2; delivery offices: 2.,true,2026-09-14 00:00:00,2026-09-14 00:00:00,100.00,false
900099,Kolkata,2CBPO,KOLKATA,69.00,true,249.00,0,Auto-generated from India Post master; approximate Belur distance 7.8 km (1.25x straight-line from representative pincode coordinates). Final checkout fee/serviceability should use exact-address route. Post offices: 1; delivery offices: 1.,true,2026-09-14 00:00:00,2026-09-14 00:00:00,100.00,true
